{
  "created_at": "2025-09-12T10:50:09.654443+00:00",
  "model_file": "artifacts/models/leaf_cnn.keras",
  "labels_file": "artifacts/models/labels.json",
  "history_file": "artifacts/models/history.json",
  "confusion_matrix_file": "artifacts/models/confusion_matrix.json",
  "keras_version": "3.11.3",
  "tensorflow_version": "2.20.0",
  "saved_variant": "base",
  "labels": [
    "Apple__Apple_Black_rot",
    "Apple__Apple_healthy",
    "Apple__Apple_rust",
    "Apple__Apple_scab",
    "Grape__Grape_Black_rot",
    "Grape__Grape_Esca",
    "Grape__Grape_healthy",
    "Grape__Grape_spot"
  ],
  "run": {
    "seed": 42,
    "epochs": 3,
    "batch_size": 8
  },
  "data": {
    "manifest": "/Users/alexandre/Cursus/leaffliction/artifacts/datasets/manifest_augmented.json",
    "img_size": 224,
    "num_classes": 8,
    "train_items": 11988,
    "val_items": 100
  },
  "model": {
    "name": "leaf_cnn",
    "scale": "tiny",
    "separable": false,
    "use_normalization": true,
    "widths": [
      16,
      32,
      64
    ],
    "drop_block": 0.1,
    "drop_top": 0.3,
    "l2": 5e-05
  },
  "training": {
    "optimizer": "adamw",
    "base_lr": 0.002,
    "cosine_decay": true,
    "label_smoothing": 0.03,
    "ema_decay": 0.999,
    "clipnorm": 0.5,
    "mixed_precision": true
  },
  "system": {
    "sequence_workers": 8,
    "backend": "tensorflow"
  }
}