{
  "accuracy": 0.99,
  "macro_f1": 0.9895652173913043,
  "weighted_f1": 0.9899826086956521,
  "macro_precision": 0.9903846153846154,
  "weighted_precision": 0.9907692307692308,
  "macro_recall": 0.9895833333333333,
  "weighted_recall": 0.99,
  "f1_Apple__Apple_Black_rot": 1.0,
  "precision_Apple__Apple_Black_rot": 1.0,
  "recall_Apple__Apple_Black_rot": 1.0,
  "f1_Apple__Apple_healthy": 1.0,
  "precision_Apple__Apple_healthy": 1.0,
  "recall_Apple__Apple_healthy": 1.0,
  "f1_Apple__Apple_rust": 1.0,
  "precision_Apple__Apple_rust": 1.0,
  "recall_Apple__Apple_rust": 1.0,
  "f1_Apple__Apple_scab": 1.0,
  "precision_Apple__Apple_scab": 1.0,
  "recall_Apple__Apple_scab": 1.0,
  "f1_Grape__Grape_Black_rot": 0.96,
  "precision_Grape__Grape_Black_rot": 0.9230769230769231,
  "recall_Grape__Grape_Black_rot": 1.0,
  "f1_Grape__Grape_Esca": 0.9565217391304348,
  "precision_Grape__Grape_Esca": 1.0,
  "recall_Grape__Grape_Esca": 0.9166666666666666,
  "f1_Grape__Grape_healthy": 1.0,
  "precision_Grape__Grape_healthy": 1.0,
  "recall_Grape__Grape_healthy": 1.0,
  "f1_Grape__Grape_spot": 1.0,
  "precision_Grape__Grape_spot": 1.0,
  "recall_Grape__Grape_spot": 1.0
}